{"alfa":{"y":410.5600000000669,"x":20,"size":10,"gravity":0.8,"lift":-10,"velocity":-10,"alive":false,"score":43117,"fitness":0.9494796450116695,"pic":{},"brain":{"model":"{\"class_name\":\"Sequential\",\"config\":[{\"class_name\":\"Dense\",\"config\":{\"units\":6,\"activation\":\"sigmoid\",\"use_bias\":true,\"kernel_initializer\":{\"class_name\":\"VarianceScaling\",\"config\":{\"scale\":1,\"mode\":\"fan_avg\",\"distribution\":\"normal\",\"seed\":null}},\"bias_initializer\":{\"class_name\":\"Zeros\",\"config\":{}},\"kernel_regularizer\":null,\"bias_regularizer\":null,\"activity_regularizer\":null,\"kernel_constraint\":null,\"bias_constraint\":null,\"name\":\"dense_Dense9783\",\"trainable\":true,\"batch_input_shape\":[null,5],\"dtype\":\"float32\"}},{\"class_name\":\"Dense\",\"config\":{\"units\":2,\"activation\":\"softmax\",\"use_bias\":true,\"kernel_initializer\":{\"class_name\":\"VarianceScaling\",\"config\":{\"scale\":1,\"mode\":\"fan_avg\",\"distribution\":\"normal\",\"seed\":null}},\"bias_initializer\":{\"class_name\":\"Zeros\",\"config\":{}},\"kernel_regularizer\":null,\"bias_regularizer\":null,\"activity_regularizer\":null,\"kernel_constraint\":null,\"bias_constraint\":null,\"name\":\"dense_Dense9784\",\"trainable\":true}}],\"keras_version\":\"tfjs-layers 1.2.11\",\"backend\":\"tensor_flow.js\"}","inputNodes":5,"hiddenNodes":6,"outputNodes":2},"weights":[{"0":-0.09777943789958954,"1":0.30859577655792236,"2":0.06376519054174423,"3":0.2555813193321228,"4":0.3449762463569641,"5":-0.2058795839548111,"6":0.5835006237030029,"7":0.2601807713508606,"8":-0.009973527863621712,"9":-0.01914721354842186,"10":-0.330268919467926,"11":0.19667166471481323,"12":0.34079957008361816,"13":-0.3342247009277344,"14":0.3347627520561218,"15":0.9251469373703003,"16":-0.2070314884185791,"17":-0.33643144369125366,"18":-0.07754486054182053,"19":-0.2169821560382843,"20":-0.17504575848579407,"21":-0.013986900448799133,"22":0.7016823887825012,"23":-0.17078524827957153,"24":0.011769521981477737,"25":0.2951630651950836,"26":-0.20896805822849274,"27":-0.5031399130821228,"28":-0.45401638746261597,"29":-0.5905411243438721},{"0":0.06992264091968536,"1":0.07108233869075775,"2":-0.2008780837059021,"3":-0.557884156703949,"4":0.07372096180915833,"5":0.10787610709667206},{"0":-0.3450900614261627,"1":-0.8311834335327148,"2":-0.1523025929927826,"3":0.6911357641220093,"4":0.43413302302360535,"5":-0.35437625646591187,"6":0.008449825458228588,"7":0.31665778160095215,"8":0.4346295893192291,"9":1.1153085231781006,"10":0.4149210453033447,"11":-0.45598745346069336},{"0":0.1247374564409256,"1":0.001012016786262393}]}}