{
    "alfa": {
        "y": 590.2000000000825,
        "x": 20,
        "size": 10,
        "gravity": 0.8,
        "lift": -10,
        "velocity": -10,
        "alive": false,
        "score": 50398,
        "fitness": 0.4596938705552191,
        "pic": {},
        "brain": {
            "inputNodes": 5,
            "hiddenNodes": 8,
            "outputNodes": 2
        },
        "weights": [
            {
                "0": -1.0191364288330078,
                "1": 0.8830835223197937,
                "2": 1.2492661476135254,
                "3": 1.1440393924713135,
                "4": 1.1069371700286865,
                "5": -1.6984257698059082,
                "6": 1.2629142999649048,
                "7": -0.6800800561904907,
                "8": -1.7648882865905762,
                "9": 0.41927993297576904,
                "10": 2.876363754272461,
                "11": 0.6217098236083984,
                "12": 0.01863706484436989,
                "13": -0.35194504261016846,
                "14": 0.02748424932360649,
                "15": 1.6460623741149902,
                "16": -0.4356958270072937,
                "17": -0.9505718350410461,
                "18": 3.3060145378112793,
                "19": -0.8470059633255005,
                "20": -0.43137747049331665,
                "21": -1.8387038707733154,
                "22": -2.9679741859436035,
                "23": 0.36171281337738037,
                "24": -2.3250739574432373,
                "25": 0.9328435659408569,
                "26": -0.09029903262853622,
                "27": 0.9001020193099976,
                "28": -2.719137191772461,
                "29": 1.1319177150726318,
                "30": -0.9252876043319702,
                "31": -0.10210534185171127,
                "32": 1.9128516912460327,
                "33": 1.0668504238128662,
                "34": 0.964081883430481,
                "35": -1.428591012954712,
                "36": -1.5262916088104248,
                "37": -1.833864688873291,
                "38": 0.4137202203273773,
                "39": 0.2414090633392334
            },
            {
                "0": 0.19035473465919495,
                "1": -0.018453624099493027,
                "2": -0.1290556937456131,
                "3": -0.11420390009880066,
                "4": -0.3672044277191162,
                "5": 0.21605676412582397,
                "6": 0.13249091804027557,
                "7": -0.008030219934880733
            },
            {
                "0": 0.5749973058700562,
                "1": -0.4461534917354584,
                "2": -0.8407742977142334,
                "3": 0.9068976044654846,
                "4": 0.19214695692062378,
                "5": -0.326500803232193,
                "6": -0.29929637908935547,
                "7": 0.7190383672714233,
                "8": -0.2992624044418335,
                "9": -1.8316413164138794,
                "10": 0.6769179105758667,
                "11": -0.638878345489502,
                "12": -0.32706713676452637,
                "13": 1.0319609642028809,
                "14": 0.9806102514266968,
                "15": -0.9744315147399902
            },
            {
                "0": -0.01257651299238205,
                "1": 0.0036962919402867556
            }
        ]
    }
}